,nr_classes,nr_instances,log_nr_instances,nr_features,log_nr_features,dataset_ratio,skew_min,skew_std,skew_mean,skew_q1,skew_q3,skew_max,kurtosis_min,kurtosis_std,kurtosis_mean,kurtosis_q1,kurtosis_q3,kurtosis_max,rho_min,rho_max,rho_mean,rho_std,class_entropy,prob_min,prob_mean,prob_std,prob_max,norm_entropy_min,norm_entropy_mean,norm_entropy_std,norm_entropy_max,mi_min,mi_mean,mi_std,mi_max,equiv_nr_feat,noise_signal_ratio,Landmarker_1NN,Landmarker_dt,Landmarker_gnb,Landmarker_lda,dataset
0,10,2000,7.600902459542082,77,4.343805421853684,0.0385,0.0,0.2383252682759607,0.5445433808697934,0.4074774571629196,0.7107752107385005,1.0299855346493187,-1.2243025380731938,0.6482684031652822,0.1015607117466902,-0.1928003152775708,0.3965693215470813,1.994922620258813,2.4883243367804684e-05,0.6788287919693011,0.1451633313285004,0.1033729160066726,3.321928094887362,0.1,0.1,0.0,0.1,0.2241973555299326,0.252185971389981,0.0141445508965837,0.288213220098873,0.0597151254818063,0.1949341777520356,0.1568361385201959,0.6975719756095411,17.041280975945593,0.2936980795167278,0.827,0.7339999999999999,0.7605000000000001,0.8150000000000001,mfeat-fourier
1,6,6435,8.769507120030227,37,3.610917912644224,0.0057498057498057,0.0223995809275558,0.3556501303616927,0.4257299286498032,0.1030533218876262,0.6747275074215148,0.9187090836988444,-1.2441720904809417,0.841512899689922,-0.1834536102339761,-0.8798282134918449,-0.1926475175368951,1.277343254414685,0.0885621105264072,0.9606596844495066,0.4911359936895781,0.3198023804679699,2.4832958827266416,0.0972804972804972,0.1666666666666666,0.0619237121521184,0.2382284382284382,0.1961344628385048,0.223031902006406,0.0158876999405416,0.2404470613504629,0.4156952403184692,0.5921009052461219,0.0993332257818037,0.7640282872176997,4.194041692428077,-0.6233211264662785,0.9069180278778628,0.8579690020575139,0.7967376814814099,0.8394723877785613,satimage
2,7,57999,10.968181048000613,9,2.19722457733622,0.0001551750892256,0.3684358462470784,10.695030319760834,7.491806441037497,1.0961099079956464,6.43811619799838,31.687579842074395,0.4483631952015612,2834.4562777352603,1816.946259248172,1.6217997134507338,2647.2785208278883,7698.092075361319,5.365803367400952e-05,0.9147328361124064,0.2045283096775091,0.2820297450243612,0.9601421494072472,0.0001724167658063,0.1428571428571428,0.2677022356150367,0.7859790686046311,0.0004982990495873,0.0398660699580503,0.038297784733313,0.1068318865852896,0.0003383933661647,0.1018571454403017,0.1130918005523798,0.3185401790976894,9.426360274056416,-0.6086080187529331,0.998172366222476,0.9997241290115418,0.7779963400348454,0.9446886383502509,shuttle
3,7,58000,10.968198289528557,10,2.302585092994046,0.0001724137931034,0.3684014245480501,10.270628360118064,6.960757717629383,1.1127034023310407,5.389420413633138,31.687853326516446,0.4483932120121889,2743.351591687955,1635.930042080147,2.8435265097074782,1987.624886897863,7698.2248457488195,5.369105405377008e-05,0.9147312697866828,0.2211270233341555,0.2856102001506401,0.9603013611073694,0.0001724137931034,0.1428571428571428,0.2676963135081696,0.7859655172413793,0.0004982905153417,0.0457023577639245,0.0397020767590037,0.1068330117983425,0.0003383967495619,0.1327566589288775,0.1378675814052649,0.3799554199767542,7.23354571330269,-0.6557433869406966,0.9983103448275864,0.9997068965517242,0.8129655172413793,0.9440517241379311,shuttle
4,2,7400,8.909235279192261,20,2.995732273553991,0.0027027027027027,0.0009134020057411,0.0183856698647027,0.0202713627743191,0.0030027624607855,0.035982277775926,0.0516962117874446,-2.000538128331246,0.4245951548822924,-0.1597121285467971,-0.0904490389697967,-0.0464555540489448,0.0491616905897287,0.1407949661573741,0.422807457976147,0.1899670796133732,0.0732122075406978,0.999999525775866,0.4995945945945946,0.5,0.0004054054054054,0.5004054054054055,0.1788168913642625,0.1946960330608803,0.005680447019322,0.2064390638514224,0.0782177263827314,0.0867869761090689,0.0044665669018702,0.0950584593298547,11.522460749400048,1.2433784628720963,0.9443243243243244,0.8481081081081081,0.975945945945946,0.9758108108108108,phpxijhaP
5,2,45312,10.721327177053393,5,1.6094379124341005,0.0001103460451977,0.0977390685494097,33.939283271787616,19.903705006391373,0.1440844405652965,20.174657581712985,78.68700692524224,-0.4111293582209163,3051.716465436669,1762.0463865624076,-0.167712846941156,1762.6252932866366,7047.774287853276,0.0841661593174601,0.6685009007911037,0.2983392204478669,0.2323969391484031,0.9835093906057096,0.4245453742937853,0.5,0.0754546257062146,0.5754546257062146,0.0003106455044079,0.117874380850311,0.0690857929740805,0.1773658218196431,0.0001401519807174,0.0250982150272275,0.024549204930409,0.0637624093603314,39.18642778136845,3.6965244628925262,0.5995319923180958,0.6627823517620987,0.6152894748991112,0.6406252027077174,electricity-normalized
6,3,151,5.017279836814924,6,1.791759469228055,0.0397350993377483,0.0083128047537812,0.7350509289037194,0.824602694504534,0.1522744155465313,1.4019818656403225,1.9546465216377251,-1.5133485125017532,1.1120668804097829,-0.1951664767653729,-0.9909983921328056,0.2885026103466224,1.8449043860756584,0.0334847948950991,0.2827418486313744,0.1674352341499983,0.0862849849867684,1.5845209168501235,0.3245033112582781,0.3333333333333333,0.0082597293306267,0.3443708609271523,0.0850478187207934,0.2743385995143896,0.152401842353361,0.4338621469283971,0.0386190346248513,0.1058263269682913,0.0565602097650019,0.1801801391183893,14.97284241306884,1.592347361697524,0.6291666666666667,0.6691666666666666,0.5166666666666667,0.5233333333333334,tae
7,2,106,4.663439094112067,58,4.060443010546419,0.5471698113207547,0.0,0.1597122062690894,0.1910329435689484,0.0651593897224759,0.2478197287404714,0.6388899945580822,-2.0388349514563107,0.2147002349670839,-1.3740197850412033,-1.5029347362491787,-1.2791884006422174,-0.3890983013124103,5.647107299587759e-18,0.6398069261327474,0.0840007299107793,0.0663283089765679,1.0,0.5,0.5,0.0,0.5,0.2591508761692618,0.2892917416953363,0.0081213877606689,0.2971526783322962,0.0013558042967306,0.0426552056503667,0.0521062467564031,0.2407288302498095,23.4437974158824,5.782096986393243,0.739090909090909,0.7363636363636363,0.8863636363636364,0.7245454545454546,molecular-biology_promoters
8,2,672,6.51025834052315,10,2.302585092994046,0.0148809523809523,0.0,1.433068395955697,1.001316272193243,0.0142649218877022,0.812732472013582,4.258039609294915,-1.5022388059701617,5.722821300874331,2.0319058830755306,-1.2412952571652571,0.5399007413936001,16.179044575330014,0.0018757756197898,0.2468799937308661,0.0594535255896775,0.0505627163278478,0.9182958340544896,0.3333333333333333,0.5,0.1666666666666666,0.6666666666666666,0.0294065261229454,0.2414722448884365,0.117570180922291,0.3491251637055973,0.0005204577272876,0.0100415992626486,0.009792886941553,0.0352967807780284,91.44916163605892,23.04718995176702,0.6101185250219491,0.5835820895522388,0.6517998244073748,0.6785338015803337,profb
9,2,9961,9.206432747145165,14,2.6390573296152584,0.0014054813773717,0.0724946407192237,0.1187956337091665,0.226418912081256,0.1132642696011137,0.3110454591870416,0.4480987825945381,-0.8638008103013548,0.2632004861637923,-0.3319883691629216,-0.4462183301733606,-0.1571872699466849,0.0994055091333989,0.0057850246131718,0.6717224653060158,0.250267923013415,0.1639891200596806,0.6391484789513524,0.1620319245055717,0.5,0.3379680754944283,0.8379680754944283,0.1895373206956375,0.2048082997742456,0.0088663068542527,0.2213090277368196,0.0062002795727612,0.0501917239799411,0.0549414069525151,0.1938027484287446,12.734140776012875,3.0805193273715004,0.9690792256286932,0.968476815990139,0.955124711483849,0.9516109573701024,kdd_JapaneseVowels
10,3,67557,11.120726964962447,43,3.7612001156935615,0.0006364995485293,0.0759313827563474,8.415207891123963,6.419837288460838,1.2392453245406112,6.8775502833203,33.626310835061844,-1.5658641693728887,302.995472724765,121.44435215603416,0.0935304074561724,48.60098610339897,1251.1832530543272,0.0003630518170576,0.5609386797582604,0.0817042877151048,0.0979612340807008,1.2184443563726473,0.0954601299643264,0.3333333333333333,0.2378900548746909,0.6583033586452921,0.0009178231913457,0.042384762058158,0.0339208351246598,0.0984671362112372,0.0001405009456546,0.0041029526052308,0.005759663906562,0.0210576708523897,296.9676897605995,9.330307497123274,0.6297201380114898,0.738576260200654,0.6083752359390824,0.6607605269258697,connect-4
11,10,2000,7.600902459542082,217,5.37989735354046,0.1085,0.0,0.2539800899552043,0.3401812534019104,0.1181510906267572,0.5212766167068525,1.073823789069477,-1.3893209589478135,0.5422280228457127,-0.3193776676973129,-0.6975855873652037,0.002271998545126,1.7012862999932414,1.3691883137445594e-05,1.0,0.248461172905291,0.196470983984835,3.321928094887362,0.1,0.1,0.0,0.1,0.2119551214510029,0.2612716068892985,0.0204919263235188,0.2985415869600524,0.1126750296291432,0.4199185546281297,0.1229779890768443,0.8610107623574584,7.9108866666517885,-0.3778040907940476,0.951,0.8875,0.925,0.9825000000000002,mfeat-factors
12,10,2000,7.600902459542082,65,4.174387269895637,0.0325,0.0,0.1062210567639881,0.1225900710664665,0.0366261325026108,0.181360961419535,0.418722048095668,-1.2243025380731938,0.2893710342456465,-0.0637878871728145,-0.1557298873238664,0.0699560888114771,0.5809426013669476,3.9615924709054126e-05,0.5705439115190475,0.1069551313113794,0.0832412774419793,3.321928094887362,0.1,0.1,0.0,0.1,0.2204544821898391,0.2428993319459008,0.0119696931573327,0.2904529943042234,0.0473133171733383,0.1826127664590149,0.1203485881815643,0.6744101157212785,18.19110547034468,0.330133356259166,0.974,0.8130000000000001,0.9345,0.955,mfeat-karhunen
13,10,10992,9.30492301446213,17,2.833213344056216,0.0015465793304221,0.0261525463167587,0.4172651790189821,0.4805923232529434,0.1467457180485523,0.7405550346667573,1.4911828752029337,-1.685793174469454,1.0917463225537951,-0.544080002118503,-1.232673067478815,-0.5326653718465977,3.050747284546925,0.0008315225457722,0.8572048615098966,0.2544956081766886,0.1988129220636426,3.3207717388905955,0.0959788937409024,0.1,0.0040032833623482,0.1040756914119359,0.155344747130701,0.2166895995850788,0.0264471232434182,0.2436270986341889,0.2286947322341488,0.4678192538371657,0.1554108287490874,0.7783957841051674,7.098407582956087,-0.5368091462509531,0.9936318967656548,0.9635190669203408,0.856348415915295,0.875726693688477,pendigits
14,2,11055,9.310638093291546,30,3.4011973816621555,0.0027137042062415,0.1130162397296899,1.0084204633794052,1.457581954429015,0.5307598607785564,2.115467213613292,4.502808752783248,-1.9852976567957163,3.7642346548699206,1.279054565961023,-1.292215110171377,2.4759641455165404,18.278593477863176,8.588679256218022e-05,0.9396329249822144,0.1202581147625704,0.1778991980338404,0.99062392274143,0.4430574400723654,0.5,0.0569425599276345,0.5569425599276345,0.0190687255044311,0.0619246670071096,0.0266396483674656,0.1176603478623487,3.688233968235366e-09,0.0371203618795611,0.0855826563764999,0.3462150644318975,26.686806716905355,0.6682129125795502,0.9595660036166368,0.9653554040895812,0.6043409457259047,0.9200364936627038,phpV5QYya
15,2,15544,9.651429991057276,5,1.6094379124341005,0.0003216675244467,0.2743148511627322,2.0926451821597154,1.7438455817711584,0.6757299926407132,1.146586280909842,5.892469881398788,-1.9249990628631288,21.84596609829224,9.919607156076292,-1.4671034902668214,0.1994555112499565,53.588155825315766,0.0257267115103777,0.7669418353623297,0.2382886856814323,0.2082534160415757,0.9134392974827448,0.3285512094698919,0.5,0.171448790530108,0.6714487905301081,0.0395938160031357,0.1274935138767474,0.0744580707375252,0.2197238441040026,0.0171260154387186,0.0692373831707781,0.0740726192975129,0.1961138097846425,13.192862809816086,0.8413970609241129,0.923829139198914,0.9289120080116864,0.6766592591672977,0.8051345971603208,mozilla4
16,3,3188,8.067149039910106,60,4.0943445622221,0.0188205771643663,0.0025303720373913,0.2288602861788527,0.359027026974097,0.0680017795569213,0.4834278311973603,1.0232320370685066,-1.6233408232636184,0.2867604309626679,-1.0977119106089508,-1.3052425817713535,-1.002146009621251,-0.034253240551914,6.171140206731647e-05,0.5203767236364292,0.0246598945575346,0.0257895486328705,1.4798054005442716,0.2396486825595985,0.3333333333333333,0.1313826507885779,0.5191342534504392,0.1433618949424454,0.1699447336463475,0.0050258487314071,0.1727606822759397,0.0020726777540396,0.0396380577107476,0.0636980529077425,0.2739625911159828,37.33294429668865,3.2874132452829024,0.6969815263894639,0.9090307762070936,0.9165503440389582,0.80708680822539,splice
17,3,3188,8.067149039910106,61,4.110873864173311,0.0191342534504391,0.0025303720373913,0.2310670279049347,0.3534389732868562,0.0573437497153416,0.4829631136605226,1.0232320370685066,-1.6233408232636184,0.2917417109482384,-1.1061080796282388,-1.3087621533449485,-1.0086247745399572,-0.034253240551914,4.256771413461763e-06,0.5203767236364292,0.0243777845901348,0.025518174875502,1.4798054005442716,0.2396486825595985,0.3333333333333333,0.1313826507885779,0.5191342534504392,0.1433618949424454,0.1699759736250826,0.0049895640878217,0.1727606822759397,0.0020726777540396,0.0390499564041865,0.0633263281542011,0.2739625911159828,37.89518700680607,3.3527826731929373,0.6966572031308531,0.914367816091954,0.9162496796198812,0.807720667967903,splice
18,2,3196,8.069655306886165,37,3.610917912644224,0.0115769712140175,0.0889906875703945,9.469838430655342,4.502187416148374,0.7049501074689142,3.9160156029429847,56.533176100410245,-1.9933284390073749,517.9914577946457,108.11254923617692,-1.3488591403648054,13.343527955052576,3195.999999999994,4.538820716383468e-06,0.673287300840931,0.0821749790447928,0.0985117247469821,0.998575538655458,0.477784730913642,0.5,0.0222152690863579,0.522215269086358,0.0003516588364857,0.0506910900939153,0.0286707925739498,0.0855220550034864,8.182782229582131e-10,0.0132749230283141,0.0267825141293703,0.1374281285618864,75.22269895844913,2.818560001123629,0.8607592084639499,0.992801724137931,0.6217104231974921,0.9411706504702192,kr-vs-kp
19,10,2000,7.600902459542082,48,3.871201010907891,0.024,0.0,0.490574340687518,0.7743544498815313,0.3647386224377448,1.2068953083985867,1.794599514537335,-1.2243025380731938,1.4197720228162327,0.6945686350667585,-0.4718608716454386,1.7489558761620696,4.370101298879654,7.456426969652412e-06,0.9978704215058212,0.2524280056790455,0.2107797220342397,3.321928094887362,0.1,0.1,0.0,0.1,0.1879493786987526,0.2480177144010582,0.0254905390788247,0.2861918690859359,0.0748011573278712,0.2666137554461899,0.1147712107602455,0.5269183609006506,12.459702573589905,-0.0697489933106052,0.799,0.6699999999999999,0.7329999999999999,0.8195,mfeat-zernike
20,4,12958,9.469468637009902,8,2.079441541679836,0.000617379225189,0.0001417939070953,0.1596062379055241,0.0605730406112765,0.0002409291216975,0.0002898598891199,0.4828514347592618,-2.000308665770044,0.2030011181883928,-1.5043330706111409,-1.5037569422848605,-1.3599035274516882,-1.2998686591977162,9.452927090395788e-05,0.798477087958677,0.0386195975187505,0.148443665441134,1.7145838974189087,0.0253125482327519,0.25,0.1299687005397951,0.3333847816020991,0.0731981059570471,0.1262857176270002,0.0289113209551893,0.1699607366026722,0.0028969627758662,0.1205411901811978,0.2264122640800786,0.6645051449782056,14.224049844219572,0.0476561367709013,0.7667066471233139,0.7949522141188807,0.6913884718051385,0.8442653963487297,phpfrJpBS
21,2,7400,8.909235279192261,20,2.995732273553991,0.0027027027027027,0.0194643263091447,0.063409555327787,0.2232768871444691,0.2099460053366047,0.2577456052412773,0.3115874555709864,-2.000161797346524,0.7734429977635013,1.33816928580712,1.4155005001402636,1.594314669425363,1.7144055250373484,7.509716348510198e-07,0.1573342602546997,0.0291126352337428,0.0381087036054404,0.999931710654688,0.4951351351351351,0.5,0.0048648648648648,0.5048648648648648,0.1575987463411331,0.1662338367606851,0.0039100763137788,0.1716538447776266,0.0692385309773872,0.0759537824411013,0.0043079968331822,0.0877191995516115,13.165002169972109,1.1886182809867558,0.7633783783783784,0.8800000000000001,0.977027027027027,0.7572972972972972,phpWfYmlu
22,2,5000,8.517193191416238,19,2.9444389791664403,0.0038,0.0,0.8071512756080217,0.6003584627693108,0.0117299171206687,1.1056967942594067,2.7712662038777256,-1.1999999999999222,1.5569775530697172,0.6379157395794788,0.0150614300120826,0.6556525779976365,5.682189088541709,0.0001243302460976,0.9999999509832012,0.0471799066773939,0.1676581539533512,0.5878935751446988,0.1414,0.5,0.3586,0.8586,0.0367554531523229,0.1783444903447036,0.0549358901087725,0.270345528303224,5.33503696380222e-05,0.0109075266266539,0.0160752191361423,0.0488675216139968,53.89797295640839,15.350589501096971,0.8074000000000001,0.9208,0.8720000000000001,0.8573999999999999,churn
23,2,5000,8.517193191416238,21,3.044522437723423,0.0042,0.0,0.782634109804515,0.5511465264137707,0.0117308271675676,1.067603626199087,2.7712662038777256,-1.1999999999999222,1.5371591947799823,0.5158471510863301,-0.0212944707310827,0.6553166101989252,5.682189088541709,0.0001243302460976,0.9999999509832012,0.0402155077656271,0.1520260131649978,0.5878935751446988,0.1414,0.5,0.3586,0.8586,0.0367554531523229,0.185240555371531,0.0565010846703047,0.270345528303224,5.33503696380222e-05,0.009964100131358,0.0155129695345194,0.0488675216139968,59.001170943127626,17.590796251490822,0.805,0.918,0.8737999999999999,0.858,churn
24,2,2108,7.653494909661253,21,3.044522437723423,0.0099620493358633,1.140592238521569,2.0255909061977424,4.135972436662229,2.3867081511631176,4.631609500422863,8.82602351643586,1.241272490330318,29.160464636377306,31.20775725782999,8.184134765060076,36.01990663448096,103.76129173107054,0.0056142984587585,0.9999999997704492,0.672061838887139,0.2460364152678021,0.6213530663282032,0.1546489563567362,0.5,0.3453510436432637,0.8453510436432637,0.024295801478446,0.0829264869815671,0.0524790271463587,0.2174074980930742,0.001250881208361,0.0369570479364528,0.0173557637720561,0.07090044230554,16.812843585250942,1.2438612284227368,0.7926585420898217,0.8240148950575492,0.8244798013992327,0.8553215978334461,kc1
25,2,5100,8.536995818712418,36,3.58351893845611,0.0070588235294117,0.0015548617707322,0.1329699645221697,0.1663779658558106,0.0570123032630735,0.2613218203758534,0.4083627845537645,-1.0003040613442709,0.3878734561807082,-0.4563448902421564,-0.8179656917582427,-0.0953221180409067,0.0810347186617792,0.167893079289965,0.9460401647108194,0.6458386582187904,0.2258486900201454,0.110580844769887,0.0147058823529411,0.5,0.4852941176470588,0.9852941176470588,0.1805482055302105,0.217090627194142,0.020950169908602,0.2419623297271519,0.001692294289232,0.0217535742337358,0.0132279952452648,0.0474083713818379,5.0833414123917215,8.979538298468377,0.9925490196078433,0.9888235294117648,0.9390196078431372,0.9927450980392156,phpZrCzJR
26,18,675,6.51471269087253,36,3.58351893845611,0.0533333333333333,0.0048958194961112,0.7267283512537612,0.7581567446891042,0.2380747517328297,1.024352106111356,2.9233011326641654,-1.544041854552641,3.5432955556497867,1.1968377180682028,-0.7876517490153366,1.5479315773977151,15.074119579240255,0.0002353138210844,0.957331979549133,0.2927117169128817,0.2009079874334556,3.7879293596771086,0.0207407407407407,0.0555555555555555,0.0436227191352433,0.1362962962962963,0.0356493687704339,0.1394717885099671,0.0531474578218238,0.2853356880050259,0.0666142577453629,0.3508101826505915,0.1644190744243193,0.750679517113981,10.797660806356648,-0.6024294749480472,0.8546532045654084,0.916988586479368,0.8531387181738367,0.8932616330114135,soybean
27,2,1000,6.907755278982137,21,3.044522437723423,0.021,0.0401502665254038,1.1586640436667135,1.0397348248948517,0.3918678364389465,1.0941841715555396,4.913027374046605,-1.850143897980666,5.353424451815885,1.4904602259356907,-1.210473117937961,1.6044393724243986,22.18219845985654,0.0004503642947828,0.6249841983009832,0.0710873717427636,0.0786621055798092,0.8812908992306927,0.3,0.5,0.1999999999999999,0.7,0.0229148072361981,0.1579670077288229,0.0698502133418572,0.286445302423483,4.5523267850899884e-06,0.0122682735833494,0.0151536500236108,0.0656679609117274,71.8349565033165,11.876058449105402,0.614,0.683,0.712,0.724,credit-g
28,2,5473,8.607582191143917,10,2.302585092994046,0.0018271514708569,0.8347174977898806,19.67958899867867,14.268217080641534,2.104048249240851,13.52910553618395,67.42540616199001,0.6919281142973852,1480.0981591177776,652.0708817292581,4.203579984277612,251.76099646514464,4816.887814668202,0.0054961619494409,0.9570322592559604,0.2903831766743509,0.2750325385913977,0.4763084842226657,0.1023204823679883,0.5,0.3976795176320117,0.8976795176320117,0.0004078770008392,0.0754567708755113,0.0857933603040023,0.2114286420952754,0.0008336380463878,0.026270111791339,0.0301890151335871,0.0996598234958377,18.131193654824838,1.8723429681174248,0.960896862781729,0.9645518354928676,0.8903728365737467,0.9466466059061373,page-blocks
29,5,5473,8.607582191143917,11,2.3978952727983707,0.0020098666179426,0.8347174977898806,18.150487740833245,13.902515167858754,3.123880212451424,16.5264377447536,67.42540616199001,0.6919281142973852,1351.218479874958,595.0339220735146,10.64001633458119,368.25819462930497,4816.887814668202,0.0045399531044123,0.9570322592559604,0.264616010328432,0.2497095397646564,0.6354628258660037,0.0051160241183994,0.2,0.3493331771572183,0.8976795176320117,0.0004078770008392,0.0685737683287685,0.0839692331842642,0.2114286420952754,0.0010284624134941,0.0404723664304614,0.0388472100519788,0.141608348364722,15.70115320431878,0.6943355275899208,0.9545029957698928,0.9623610536569742,0.8860012810419141,0.9446386394267338,page-blocks
30,4,5456,8.604471199523298,24,3.1780538303479458,0.0043988269794721,0.0175639484450456,1.066885312665351,1.480425077802536,0.7568810839971671,2.176785788199993,3.8301415530945087,-1.6045954541833345,4.549782524685021,2.1336498254135168,-0.944787224101729,3.9945046037623992,14.349591863774847,0.0002006904933067,0.6268029981803247,0.1608521559106761,0.1209557975120804,1.7146327422659768,0.0601173020527859,0.25,0.1479762365668205,0.4041422287390029,0.1043300600565306,0.1912148385850404,0.0432810108421077,0.2401713026931283,0.0987991675039132,0.1728928002386664,0.0654012752908134,0.4235760387367643,9.917317204065442,0.1059734027159124,0.8889296636085626,0.9946849480794436,0.5258413146486541,0.6585344624794167,phpVeNa5j
31,2,4839,8.48446336679332,5,1.6094379124341005,0.0010332713370531,0.185139829613362,2.843950109030337,4.3136976434649466,2.5048628383485405,7.196407985118987,7.731518525097991,-0.0153165018444925,48.66935508883998,49.22807661416199,13.612542731489542,95.61521698277735,119.73943496687252,0.0009147006577169,0.9648494331198988,0.2336999999238212,0.2551407332549891,0.3028903171988337,0.0539367637941723,0.5,0.4460632362058276,0.9460632362058276,0.0280256507139949,0.0884580479213459,0.0613294458061019,0.1746831822504729,0.0028467035361506,0.0064114454601495,0.003631418327101,0.0120564765818389,47.24212645673327,12.79689626483737,0.9816077203428982,0.9811949249696286,0.909697055250415,0.9421372106154716,phpcSeK3V
32,5,2800,7.937374696163295,26,3.258096538021482,0.0092857142857142,0.6766946945508098,10.015633339845897,6.890683310196185,1.985053777681991,8.164380001342423,52.91502622129656,-1.366276091675063,534.541111554432,150.09208746303088,4.712010316710953,64.70538507576867,2800.000000000301,3.1529464031062736e-10,0.9962293744538908,0.0656082114672882,0.1262776533379057,1.5276631408411314,0.0110714285714285,0.2,0.2127763509185268,0.5828571428571429,0.0004021299073587,0.0447956611403273,0.0487247580700586,0.1718008895153253,0.0004607701853199,0.0244511683133448,0.0239666378844431,0.082151899064564,62.47812461408528,0.8320458379029285,0.4974999999999999,0.5932142857142857,0.1989285714285714,0.6814285714285713,phpNevWWL
33,2,20000,9.903487552536127,16,2.772588722239781,0.0008,0.0491983329495966,0.3448352304043899,0.3974199913546845,0.2137366505051574,0.3892110838849012,1.1599750154233797,-0.4211788221165564,0.6911595886506423,0.6853919095591223,0.314083343252947,1.1554836349601447,2.075245046157572,0.0013361787090137,0.8232070614921373,0.1686283011401881,0.1881437636262058,0.2452645188737295,0.04065,0.5,0.45935,0.95935,0.1464351713191933,0.1743016925571948,0.0143028229842304,0.2076819784739848,6.997666279342889e-05,0.0127990703557342,0.0104399142565893,0.0327119100795709,19.162682293081275,12.618308807803722,0.9986,0.99325,0.9729500000000002,0.96605,letter
34,26,20000,9.903487552536127,17,2.833213344056216,0.00085,0.0112462482748661,0.3458507594302865,0.3933883778117798,0.1995066818147356,0.4683430978971671,1.1599750154235908,-1.2063915962330287,0.7901800772151738,0.5857302830734377,0.304181648454199,1.1207729402040574,2.0752450461583605,0.0013361787090137,0.8515139960074829,0.1761529967025679,0.2002427887564581,4.69981072657316,0.0367,0.0384615384615384,0.0011362309228581,0.04065,0.1464351713191933,0.1734932007611297,0.0141982378660314,0.2076819784739848,0.0033457075311491,0.1438510849079511,0.0861815334229361,0.2784560486476764,32.6713610090638,0.2060611212779264,0.9594,0.8818999999999999,0.64335,0.7019,letter
35,2,4177,8.337348564497175,3,1.0986122886681098,0.000718218817333,0.5918521514155013,0.0145373368618562,0.6063894882773575,0.5991208198464294,0.6136581567082857,0.6209268251392138,0.0840117490022045,0.22395718859999,0.3079689376021945,0.1959903433021995,0.4199475319021896,0.5319261262021846,0.907656320696575,0.907656320696575,0.907656320696575,0.0,0.9999906975135882,0.4982044529566675,0.5,0.0017955470433325,0.5017955470433325,0.2019933391131788,0.203818189850114,0.0018248507369352,0.2056430405870493,0.1529692546518228,0.1718297465398806,0.0188604918880578,0.1906902384279385,5.81965996953558,0.1861635948046347,0.6861341548770554,0.6830177962892844,0.7414426353653918,0.7577140201714225,abalone
36,10,5620,8.634086942887738,63,4.143134726391533,0.0112099644128113,0.0049355819529273,10.962611669371755,5.731887439315264,0.3411145802351599,3.729070099589807,52.995277771384224,-1.6465198529419585,478.8613799739807,165.85902122333297,-1.3669068472869534,17.001900031537797,2807.498575815509,1.7054490265386678e-05,0.9266742698292868,0.1200247116079795,0.1313769232659587,3.3218327248667654,0.098576512455516,0.0999999999999999,0.0011504078203021,0.1017793594306049,0.0003685121296609,0.1586033886416454,0.0921864499163254,0.2505395027039417,0.0008231819326417,0.2107796292214301,0.1302417044349917,0.4497842787376139,15.75974270918317,-0.2475392938706234,0.9877224199288256,0.9067615658362989,0.7939501779359432,0.9524911032028468,optdigits
37,10,5620,8.634086942887738,63,4.143134726391533,0.0112099644128113,0.0049355819529273,10.962611669371755,5.731887439315264,0.3411145802351599,3.729070099589807,52.995277771384224,-1.6465198529419585,478.8613799739807,165.85902122333303,-1.3669068472869534,17.001900031537797,2807.498575815509,1.7054490265386678e-05,0.9266742698292868,0.1200247116079795,0.1313769232659587,3.3218327248667654,0.098576512455516,0.0999999999999999,0.0011504078203021,0.1017793594306049,0.0003685121296609,0.1586033886416454,0.0921864499163254,0.2505395027039417,0.0008231819326417,0.2107796292214301,0.1302417044349917,0.4497842787376139,15.75974270918317,-0.2475392938706234,0.9870106761565836,0.9003558718861211,0.7943060498220641,0.953914590747331,optdigits
38,7,4898,8.496582237512113,11,2.3978952727983707,0.0022458146182115,0.1557963977222166,1.2682670757945989,1.255696975155579,0.4725622691385206,1.344332659348764,5.023330682759703,-0.6984253303456245,10.428577507390312,6.8884321756893465,0.551314092443042,7.984353783878614,37.56459970667979,0.0006177961403311,0.8389664549045884,0.1818385808183716,0.1865125430476662,1.861714933235556,0.0010208248264597,0.1428571428571428,0.1611087873327881,0.448754593711719,0.1030524720050512,0.1533994852424482,0.0450292886576201,0.2375878488677951,0.0144256464671525,0.0422941454995223,0.0346034028493782,0.133899746644332,44.01826567832143,2.626967359919373,0.6004503150953633,0.6296435874963482,0.4497704603313718,0.5289929468720003,phpTJRsqa
39,2,2310,7.745002803515839,18,2.8903717578961645,0.0077922077922077,0.1049833788777565,4.705063237651503,3.617377739431192,0.9446758312040632,5.319946365471301,16.900935255171696,-0.7504723612310467,92.14902907098777,40.85442970614676,0.1630804348260706,32.76739811712018,339.22109428198,0.0001451887551335,0.9986443747533826,0.3073459612219756,0.3334228856311955,0.5916727785823275,0.1428571428571428,0.5,0.3571428571428571,0.8571428571428571,0.0093197772822431,0.1703112746421224,0.1020586131334843,0.2838131992460752,0.0015431548407875,0.082783467363471,0.0831822738862582,0.336536903663174,7.147233589341158,1.0573102343533145,0.9974025974025974,0.9935064935064934,0.8268398268398268,0.9792207792207792,segment
40,2,11183,9.322150047028188,6,1.791759469228055,0.0005365286595725,0.1972148317784817,3.216640957136513,3.890558853947715,1.029651819298998,6.0209116449485895,8.89396595370529,-1.8054677235265812,62.602689033423246,48.86085742306123,2.677900287473761,68.6176617126836,163.34649640437715,0.0058848106422846,0.8678207149193805,0.2624473132729608,0.2465073512756241,0.1593164203699977,0.0232495752481445,0.5,0.4767504247518555,0.9767504247518556,0.0115002099912004,0.0769603067216908,0.0535019191512935,0.1535436827731543,0.0004395663374607,0.0160270510941525,0.0129514748170117,0.0312969366784841,9.940469986279908,3.801900628479921,0.954924375040966,0.981042922619704,0.956273010818182,0.9756778749234638,phpn1jVwe
41,2,8192,9.010913347279288,8,2.079441541679836,0.0009765625,0.0011787153872013,0.0108748415231375,0.0100968130774812,0.00498729854341,0.0085748018113927,0.0359992703631555,-1.2000096729044962,0.0077245282390452,-1.1909976049126865,-1.1977912922206948,-1.187376587578679,-1.1764746591540018,0.0008844836057302,0.0211321764274994,0.0094937819764643,0.006170718814305,0.9997770990046064,0.4912109375,0.5,0.0087890625,0.5087890625,0.2554544491876007,0.2554740337984406,1.777904160470008e-05,0.2555016707275738,0.0020908620986356,0.0229692180113543,0.0372331301073504,0.1127375192653799,43.52682353009957,10.12245239137667,0.8060327883498614,0.7541493195151732,0.7287618749813871,0.7268076774174336,kin8nm
42,10,2000,7.600902459542082,241,5.484796933490655,0.1205,0.0,0.6342023023774285,0.7295217337798002,0.2910097343399154,1.0269087266293353,4.302409293941676,-1.9183986446879675,1.899228492320272,-0.8173432756524178,-1.769079476938372,-0.7018261000820138,18.11634656200292,1.555247276209977e-05,0.9393806036251752,0.1716233825301633,0.1581585461987706,3.321928094887362,0.1,0.1,0.0,0.1,0.0487389206142673,0.1626850973480997,0.0267295138910979,0.2266925284510588,0.0280652119007797,0.2412338402048046,0.08119138026899,0.4832998934470126,13.770572536867483,-0.3256124546623226,0.9745,0.881,0.9229999999999998,0.958,mfeat-pixel
43,7,1941,7.57095858316901,27,3.295836866004329,0.0139103554868624,0.0563056770820662,8.542059929844447,4.03466072608039,0.3316289491016576,2.6601104893202594,39.29315840666627,-1.8563564132863817,345.4332588092195,113.84492835135867,-1.0693077856527708,10.482500314170911,1663.0518475718236,0.0045069309491453,1.0,0.2450559629071277,0.2281629714750196,2.410690442272441,0.0283359093250901,0.1428571428571428,0.106384838061013,0.3467284904688305,0.0005832301082741,0.1688117983981738,0.0921966813646506,0.2959304517946521,0.0008260037319449,0.2005019967664056,0.1186026765866667,0.4262762101455063,12.02327398804417,-0.1580542781583983,0.3889770023790642,0.7465371398361089,0.4471768437747819,0.6831562252180808,php5s7Ep8
44,2,1941,7.57095858316901,33,3.49650756146648,0.017001545595054,0.0563056770820662,7.639429084031447,3.783232786183549,0.4072487772625202,2.8112131771546096,39.29315840666627,-1.8563564132863817,309.63386345606085,91.63302534537642,-1.0446546901039913,11.357193596470209,1663.0518475718236,0.0003970462075948,1.0,0.209484916031906,0.2025315169524615,0.9311123348674444,0.3467284904688305,0.5,0.1532715095311695,0.6532715095311695,0.0005832301082741,0.1450127835636244,0.0971262510160457,0.2959304517946521,2.836702432296168e-05,0.0285175377571746,0.0254243630406164,0.1020594557401699,32.65051642241404,4.08503871541788,0.5837219138250066,1.0,0.4925059476605868,0.7635395189003436,php9xWOpn
45,2,8124,9.002577922700276,21,3.044522437723423,0.0025849335302806,0.0161815611150793,1.7819568425575385,1.4218905683556833,0.3387940788220834,1.6090487644347384,6.946943928461255,-1.9953151156482265,12.942497240492427,4.116564712726402,-1.5959540422813765,1.6765579179443182,51.19143829773868,9.351714492978418e-05,0.8975180742912052,0.1815906638647254,0.1475950591012218,0.9990678968724604,0.4820285573609059,0.5,0.017971442639094,0.517971442639094,0.0133299378934113,0.1150576970338748,0.0588265793639135,0.217199272441759,0.0052102297135727,0.1503638175717204,0.1429938828489638,0.6280433159496362,6.644337135135091,-0.2348046299170693,1.0,1.0,0.8627510770181595,0.9329144929380332,mushroom
46,2,8124,9.002577922700276,22,3.091042453358316,0.0027080256031511,0.0161815611150793,1.7489899663324255,1.3854209318181008,0.3397831129053832,1.560060492329646,6.946943928461255,-1.9953151156482265,12.657847917511727,3.9918002190850457,-1.5570001473704072,1.6039849306706642,51.19143829773868,9.351714492978418e-05,0.8975180742912052,0.177504597778275,0.1438220590933159,0.9990678968724604,0.4820285573609059,0.5,0.017971442639094,0.517971442639094,0.0133299378934113,0.1156389030692665,0.0574676741367818,0.217199272441759,0.0052102297135727,0.1448142689429304,0.1417375099792456,0.6280433159496362,6.898960331500075,-0.2014674802878818,1.0,1.0,0.8559802531522852,0.9335281357739684,mushroom
47,7,2310,7.745002803515839,18,2.8903717578961645,0.0077922077922077,0.1049833788777565,4.705063236921417,3.6173777388260873,0.9446758382938518,5.319946359266875,16.900935254869907,-0.7504723612310467,92.14902906786368,40.854429695599606,0.1630804348260706,32.76739811712018,339.22109427297494,0.0001451887551335,0.9986443747533826,0.3073459611027535,0.3334228854416267,2.807354922057604,0.1428571428571428,0.1428571428571428,2.775557561562892e-17,0.1428571428571428,0.0093197772822431,0.1703112746421224,0.1020586131334843,0.2838131992460752,0.0137326812399456,0.5432600752161137,0.3763006954127065,0.8980789762412624,5.167607652634538,-0.6865013970070024,0.9666666666666666,0.9593073593073592,0.7913419913419915,0.906926406926407,phpyM5ND4
48,2,5404,8.59489469908009,5,1.6094379124341005,0.0009252405625462,0.2094948505005711,0.3662807106587671,0.6644442664377852,0.4762719129014734,0.9072880919262456,1.2449354761706295,-1.1772641562952877,1.0322683820024905,-0.2073831130253525,-0.8572834809908949,-0.3066496518690345,1.765117403313366,0.0072154496004059,0.3309600158568432,0.1609110644676596,0.1139877994357475,0.8731822577241405,0.2934863064396743,0.5,0.2065136935603256,0.7065136935603257,0.1926406432465932,0.213970761007005,0.0155604376000488,0.2290749666702,0.0568115962529355,0.0936100632496615,0.0313898256860788,0.142421799159584,9.327867404547424,1.28576665348828,0.8758348736906962,0.8397511467104815,0.7738738276168962,0.7538851235708907,php8Mz7BG
49,3,44819,10.71038743563792,6,1.791759469228055,0.0001338717954438,2.719303359499344e-05,0.2516874294341847,0.1258760948195957,2.7193033595017825e-05,4.447057582979055e-05,0.6292509535267047,-1.421674193906212,0.0652546580531931,-1.3519197305472563,-1.421674193906212,-1.3344861834511874,-1.2472680868227957,2.1892694745237945e-05,0.0196508678749104,0.0039171238758474,0.0077650251103528,1.3491090889091475,0.0967223722082152,0.3333333333333333,0.1750189596598987,0.5145585577545237,0.1402503578688544,0.1813986849918406,0.0227427673839358,0.2025218905022505,0.0194171852198432,0.0554285829340365,0.0413278601087673,0.1181197410654865,24.339591912617912,2.2726560086826724,0.7297351124351605,0.7074901007486516,0.685557285304276,0.6738434807443715,jungle_chess_2pcs_raw_endgame_complete
50,2,5124,8.541690663016626,20,2.995732273553991,0.0039032006245121,0.0,0.413713894308072,0.8573530443868786,0.4845639768613266,1.088245491902163,1.7621452104644553,-2.000781097441906,1.6028921080448049,0.7388295380708982,-0.4603133759355731,1.6529533578665982,4.522439180359212,0.0001176539706156,0.7687278079952172,0.05816534996476,0.13390890654477,1.0,0.5,0.5,0.0,0.5,0.1611079435664975,0.2151594262171664,0.031385066155468,0.2619575851813531,0.0002907374534601,0.0320459939104269,0.0911167828527899,0.4115984171614888,31.20514853729116,5.714081854305016,0.7509742781432749,0.9123762640107212,0.8920729014376217,0.8858255665204677,file7a97574fa9ae
51,2,4601,8.434028950155469,57,4.04305126783455,0.0123886111714844,0.4338113913236702,7.00426956395433,11.09467720528466,5.956952736311793,13.583754916091207,31.062064279039618,-1.812595779663477,295.28133095060423,240.27321760023585,52.0067979673105,296.0883383057384,1480.6420502863364,1.6791979368130402e-05,0.9960660509314077,0.0646961084243696,0.1051963677225523,0.9673602371807666,0.3940447728754618,0.5,0.1059552271245381,0.6059552271245382,0.0027240529544686,0.0257543933748616,0.0242378592241101,0.1186253322851152,0.0007761167848009,0.0158363821308928,0.0172249240189311,0.097344473578477,61.08467383428991,0.6262801163796908,0.8278623974346881,0.916326511364708,0.8202565311704234,0.884808073186834,spambase
52,2,4601,8.434028950155469,58,4.060443010546419,0.0126059552271245,0.4338113913236702,6.979363441121946,11.001245514913636,5.797608154443319,13.4853301462769,31.06206427903961,-1.812595779663477,293.7783217118591,236.98066323055411,49.98049761085014,285.6243808880672,1480.6420502863364,1.6791979368130402e-05,0.9960660509314077,0.0643438534687104,0.1037275654931081,0.9673602371807666,0.3940447728754618,0.5,0.1059552271245381,0.6059552271245382,0.0027240529544686,0.0260639138592988,0.024135704373858,0.1186253322851152,0.0007761167848009,0.0158227386958212,0.0170734648880327,0.097344473578477,61.13734516997642,0.6472441566757513,0.8237362067339431,0.91675704989154,0.8213467886447232,0.8856776384042252,spambase
53,4,841,6.734591659972948,66,4.189654742026425,0.0784780023781212,0.2397082315554343,0.5528753250974081,1.069550022083798,0.7070351586093244,1.3082970918222296,2.557356919330302,-0.9189307161139344,2.836963764320235,1.997822100855529,0.3553261655028321,2.2770414129006338,18.03680864224478,1.997339075070613e-05,0.7064584203986464,0.1540730775864315,0.122107807213365,1.787416049226166,0.065398335315101,0.25,0.125047620513428,0.3769322235434007,0.1247386573615379,0.2493802988100702,0.0378316287109146,0.3092743156567233,0.0270516293896507,0.1756592134673005,0.1088517897299771,0.5176043029497558,10.175475649382308,0.4196824287642222,0.9964285714285716,0.9417787114845938,0.983361344537815,0.9964285714285716,analcatdata_authorship
54,4,841,6.734591659972948,71,4.262679877041316,0.084423305588585,0.0407089206072922,0.6730659795896481,1.1097511735625638,0.7015234422512149,1.321989096886751,4.087186736805096,-0.9189307161139344,3.629195500925478,2.312959598711178,0.3585021545046714,2.3497669481618955,21.231717234335733,1.997339075070613e-05,0.7064584203986464,0.1509974420664084,0.1186126958490237,1.787416049226166,0.065398335315101,0.25,0.125047620513428,0.3769322235434007,0.1194917627026287,0.2460790816033676,0.0421614335330285,0.3092743156567233,0.0270516293896507,0.1722463790329901,0.1063191599923101,0.5176043029497558,10.377089255872397,0.4286458907576597,0.994047619047619,0.9381512605042016,0.9845518207282916,0.9988095238095236,analcatdata_authorship
55,2,48842,10.79634587742716,10,2.302585092994046,0.0002047418205642,0.0163282400731123,3.4443933009747907,2.5697184481500908,0.3580150702314606,3.3790996113958807,11.894658996592971,-1.4876750889892654,45.1110613296696,18.886218007489106,-0.6996357792566822,10.817184851514526,152.6930962983247,0.0007048454702153,0.5797968852312647,0.0948651768862535,0.1062476900331686,0.7938438393644256,0.2392817656934605,0.5,0.2607182343065394,0.7607182343065395,0.0121359163723894,0.0856919202598957,0.0563702143153304,0.1797230171788148,0.0041423050421987,0.0442344924729066,0.0388467449337217,0.114662611504088,17.94626308532081,0.9372194744266944,0.8118221594628963,0.8406902785357238,0.7959951991630599,0.7852258036393145,adult
56,2,48842,10.79634587742716,15,2.70805020110221,0.0003071127308464,0.0163282400731123,2.9417309268336846,1.979625996139404,0.4370525866371594,1.9433523381901967,11.894658996592971,-1.4876750889892654,37.72893452011101,13.17867016940687,-0.5212011804126009,5.504854039188331,152.6930962983247,0.0007048454702153,0.5797968852312647,0.0800062541440181,0.0935983816225317,0.7938438393644256,0.2392817656934605,0.5,0.2607182343065394,0.7607182343065395,0.0121359163723894,0.1060236825302178,0.0566126364102588,0.1809172639854493,0.0001558082321268,0.0418675307581584,0.0347925976178024,0.114662611504088,18.960846866034377,1.5323605335754802,0.7366814036517209,0.8151797400825037,0.7948077318036377,0.8153230233117643,adult
57,2,14980,9.61447125707121,14,2.6390573296152584,0.0009345794392523,0.2059093902306032,50.58177770394139,64.96172089622489,16.850487768097146,122.22782150650671,122.38777688436316,-1.957862737738588,6130.919778207931,7835.73633985754,2711.24223193356,14953.360133350863,14979.178735371042,0.0003687162657293,0.9999610708874204,0.2645685654102235,0.2391535592239535,0.992422373387609,0.4487983978638184,0.5,0.0512016021361815,0.5512016021361815,7.369869213083553e-05,0.0036352866685852,0.011960703314572,0.0450670324641167,3.976514226970793e-05,0.0005937967183829,0.0016858234842448,0.0064303539302273,1671.3167026086871,5.122106364085556,0.9746328437917224,0.8297062750333778,0.4493324432576769,0.6387182910547397,phplE7q6h
58,3,10935,9.299723933110869,27,3.295836866004329,0.0024691358024691,0.0235574606744705,2.5145639747388118,2.8549148390550614,1.2532050902749887,3.504301172320175,9.107026519652688,-1.842077234775508,29.847701380388884,20.91629643670185,0.1814538261073632,21.24390301620412,98.89201132689315,9.634218653175066e-05,0.7938537936982271,0.0965976067148166,0.1341242050681191,1.5662517236242557,0.2624599908550525,0.3333333333333333,0.05296385333055,0.3897576588934613,0.023054199930602,0.1062846987117795,0.0615461671163133,0.2462619960600394,0.0001127399435906,0.0097043332175223,0.0098327451266705,0.0323383444636248,161.39714996556444,9.952292788119657,0.4886169424507963,0.5939657551545402,0.4323760476758364,0.505900018565878,eye_movements
59,2,32769,10.397238225511654,9,2.19722457733622,0.0002746498214776,0.0780711372033112,4.9540307857496,5.246293128782064,0.9938156414669198,6.457995791585315,14.045834008642489,-1.482621706873473,128.85614462957125,91.4672013551258,12.337629822343803,91.70064364754036,385.4835224257768,0.0003635944903685,0.1805958900314246,0.0355054650958017,0.0517938737694461,0.3190117478024129,0.0578900790381152,0.5,0.4421099209618847,0.9421099209618848,0.0042488486870389,0.051633258870544,0.0502229359395522,0.1484152688203257,0.0001424713142903,0.0009219070124467,0.0009355543443995,0.0028249140117031,346.03462550496954,55.007013910773374,0.9312764381043293,0.9396074427047878,0.9144922915215864,0.9421099269970188,phpmPOD5A
60,2,270,5.598421958998375,14,2.6390573296152584,0.0518518518518518,0.0447032309398758,0.5103535885506576,0.7525136768756442,0.3473851730255434,1.1074824756328336,1.99197055899296,-2.005357688431176,1.8592169679145447,-0.0333683146380344,-1.4660892153948426,0.7668819423942325,4.895598990181721,0.0041071616851696,0.6097115673478997,0.1786818535124964,0.1348094331526077,0.9910760598382222,0.4444444444444444,0.5,0.0555555555555555,0.5555555555555556,0.0749288589496086,0.211554661927417,0.0950087999756791,0.3592974020834171,0.0001335038800169,0.0713099734238365,0.0467449924337791,0.144559780412591,13.898140922696498,1.9666910779790217,0.6148148148148148,0.7555555555555556,0.8407407407407408,0.8333333333333334,heart-statlog
61,6,1599,7.377133712833954,11,2.3978952727983707,0.0068792995622263,0.071287662950864,1.7935927809209111,1.613573119409953,0.2680694353641609,1.972101805627436,5.680346571971734,-0.7889975153633642,13.39384566283311,8.232847606593582,0.5518253140002585,7.765037607506279,41.71578724757677,0.0019178819627906,0.6676664504810212,0.1808513794645402,0.157664024106737,1.7090616375059242,0.006253908692933,0.1666666666666666,0.1782648306503761,0.425891181988743,0.115208655586406,0.1995975337291631,0.0446978935633887,0.2534676538996126,0.0174567143078544,0.0627777541814002,0.0442027021314032,0.172255385171819,27.22400091866114,2.179430935876004,0.5934827044025156,0.6316705974842767,0.5597091194968552,0.5947602201257861,wine-quality-red
62,6,1599,7.377133712833954,12,2.4849066497880004,0.0075046904315197,0.071287662950864,1.7260624833843707,1.561004646236466,0.2932033653094098,1.7438165316109997,5.680346571971734,-0.7889975153633642,12.97293481191729,7.641122255854661,0.6793839111234302,5.787431047685454,41.71578724757677,0.0019178819627906,0.6829781945685299,0.1980283154116955,0.1791611291311803,1.7090616375059242,0.006253908692933,0.1666666666666666,0.1782648306503761,0.425891181988743,0.115208655586406,0.2033121166840421,0.0442069624382597,0.2534676538996126,0.0174567143078544,0.0606066240073697,0.0427011895115986,0.172255385171819,28.199254875145392,2.354618740342962,0.5997169811320755,0.639119496855346,0.5590959119496856,0.5947091194968553,wine-quality-red
63,2,92,4.5217885770490405,11,2.3978952727983707,0.1195652173913043,0.0442126870512356,0.4273176348088032,0.4403455540252194,0.1802708901906233,0.5016930567028829,1.4741023199233685,-2.0429456087691804,0.9583025236440352,-1.0159719959884788,-1.8701568859754747,-0.4157525948245741,0.9403328592962032,0.0023775945800777,0.9911263880825774,0.3363503344809122,0.337874617383647,0.7347813522127804,0.2065217391304347,0.5,0.2934782608695652,0.7934782608695652,0.1519814800660805,0.3674223283255637,0.1224682162842756,0.4959778067345571,0.0007200903062849,0.1008897767872452,0.0571489961225111,0.2050773804995118,7.283010981006288,2.641819221192035,0.76,0.8588888888888888,0.7188888888888887,0.8677777777777778,analcatdata_cyyoung9302
64,2,768,6.643789733147672,9,2.19722457733622,0.01171875,0.1093724964818752,0.7541818741732538,1.0460183131736167,0.4289815884535647,1.8436079833551304,2.27225085843156,-1.6009297551560155,2.9350943428124285,2.289107712042567,0.1592197775475039,5.180156560082516,7.214259554348718,0.0176830907278306,0.5443412284023381,0.1797259138945584,0.1293414585326529,0.9331343166407832,0.3489583333333333,0.5,0.1510416666666666,0.6510416666666666,0.168888212314624,0.238317804564587,0.0314267562619413,0.2736888244519013,0.0182058092208055,0.0469253569715919,0.0365524830381527,0.1334326927997941,19.88550278276392,4.078657253664828,0.6757177033492823,0.7201127819548873,0.7461551606288448,0.7669514695830486,diabetes
65,2,350,5.857933154483459,33,3.49650756146648,0.0942857142857142,0.0002269169885172,0.5133816932642936,0.5536626567183034,0.0634849202645313,0.8740967673050916,1.847860221895301,-0.6786352968291323,0.8096915879439671,0.2293935438973766,-0.1905501237865045,0.397248440982519,3.0708665268345503,0.0002653908083347,0.8255034337710043,0.2381949831010482,0.1760421245564646,0.9426831892554922,0.36,0.5,0.14,0.64,0.242235107150996,0.3283711507447493,0.0275937305104422,0.3595316253448105,0.0812246823410098,0.1306759647123967,0.0380766175974235,0.2532663826874938,7.213898832354004,1.512865709217893,0.8742857142857143,0.8828571428571428,0.82,0.8542857142857143,ionosphere
66,2,351,5.860786223465865,34,3.5263605246161616,0.0968660968660968,0.0050831186022771,0.6001506463419156,0.6146310265491425,0.0722994204538188,0.8802476549759051,2.532391692773533,-1.6608042683529325,1.1143718668686244,0.3016589350841627,-0.2243411909082959,0.4975688023635558,4.43826479487235,0.0005840659927115,0.8255583681721105,0.2278222750748227,0.1727192470447007,0.9418285354475155,0.358974358974359,0.5,0.141025641025641,0.6410256410256411,0.0585017683849657,0.3200899816101337,0.053736530549052,0.3596464832967051,0.0815725705063761,0.1305639849013042,0.0373599634202125,0.2529332484349886,7.213540059760442,1.451594762920998,0.8745238095238095,0.8830952380952383,0.8888095238095237,0.8573809523809522,ionosphere
67,2,2000,7.600902459542082,6,1.791759469228055,0.003,0.0628366626143403,0.2397156433778053,0.461318672743215,0.307307241124857,0.6391521924823138,0.6873831507335828,-1.038355802295286,0.3745755042358055,-0.6084538331992103,-0.8128801714066332,-0.6248076989188283,0.0794938700562672,0.0010670268323715,0.97260979451359,0.5282643375140964,0.3642126773958987,0.4689955935892812,0.1,0.5,0.4,0.9,0.1324747981094815,0.220544671044415,0.0513040287935163,0.2668368788124723,0.0937432606545996,0.1292370565595267,0.0329520065662553,0.1814242649383733,3.628956013658987,0.7065126436304424,0.9675,0.9964999999999998,0.9985,0.998,mfeat-morphological
68,10,2000,7.600902459542082,7,1.9459101490553128,0.0035,0.0,0.3377380355274691,0.4735823473281577,0.1850719849245717,0.6632676716056682,1.0084830014756423,-1.2243025380731938,0.4249022662119893,-0.6345320105455826,-0.9256180513675264,-0.3999799698177784,0.0794938700562672,0.0010670268323715,0.9726097945133876,0.4759444267160262,0.3162610461256247,3.321928094887362,0.1,0.1,0.0,0.1,0.1172273387022132,0.203325115654048,0.0606299011592564,0.2668368788124723,0.5610188281867817,0.8257339674886346,0.1561430338506108,1.0099373927301034,4.023000416212241,-0.753764379740323,0.4434999999999999,0.6495,0.6945,0.7424999999999999,mfeat-morphological
69,6,797,6.680854678790215,5,1.6094379124341005,0.0062735257214554,0.0379771731096331,0.2669068937985209,0.3078964859348517,0.0477823257434473,0.5991229257011386,0.6535226796216889,-2.002748888928481,0.4854364635405346,-1.1643705971499454,-1.222023349937268,-0.8476113485580141,-0.5554178719597331,0.0136595084172275,0.5933679746559956,0.1158905442861703,0.16067651369544,2.580259207782651,0.1543287327478042,0.1666666666666666,0.0136568313402389,0.1944792973651192,0.1037087361585315,0.2092637541175047,0.0866727714840235,0.3198654561599584,0.0032509831181837,0.0290226724829574,0.0154681765824234,0.0427386171736885,88.9049486844403,6.210354395874033,0.1906803797468354,0.1819462025316455,0.2196518987341772,0.2221044303797468,analcatdata_dmft
70,11,990,6.897704943128636,13,2.5649493574615367,0.0131313131313131,0.0,0.1156422940526549,0.1186781305072931,0.0164991760146016,0.2061520455638212,0.3570604221210392,-1.9861050253937165,0.5382529361954249,-0.6408647867407722,-0.7621395184642945,-0.2863787705068912,0.1524368802477145,7.10840691636002e-19,0.5560440098635883,0.20799514835385,0.1503769334088711,3.459431618637298,0.0909090909090909,0.0909090909090909,0.0,0.0909090909090909,0.1001671302281642,0.2788215023065602,0.055362648118647,0.3256086044918881,6.938893903907227e-17,0.2416197570965294,0.1926919808265664,0.6504413483780009,14.31766863855931,0.1539681425768849,0.991919191919192,0.8010101010101011,0.6686868686868686,0.5979797979797978,vowel
71,11,990,6.897704943128636,14,2.6390573296152584,0.0141414141414141,0.0,0.1115040361075717,0.1197606557830226,0.0230650560851271,0.1880724052647425,0.3570604221210391,-1.9861050253937176,0.6237398706419304,-0.7369533752159825,-1.098609480537069,-0.313581226272103,0.1524368802477145,7.108406916360012e-19,0.7113780102515154,0.195394129130362,0.1574168969816798,3.459431618637298,0.0909090909090909,0.0909090909090909,0.0,0.0909090909090909,0.1001671302281642,0.2650788583005297,0.0713832963157031,0.3256086044918881,6.938893903907227e-17,0.2229738320372628,0.1960263835210989,0.6504413483780009,15.514966877634173,0.1888339357069952,0.9959595959595958,0.8151515151515152,0.6656565656565656,0.6020202020202021,vowel
72,2,208,5.337538079701318,61,4.110873864173311,0.2932692307692308,0.0853313836016529,0.7271547387250905,1.127189808411031,0.6154465982408367,1.6530904963456954,3.401697437059138,-2.0008631367439733,4.262060832259992,2.2066514505958468,-0.5532391772622383,3.592943011609969,20.736120722569765,0.0001525057475578,0.9258358693851416,0.2274436793778165,0.1719590943041194,0.9967295890208364,0.4663461538461538,0.5,0.0336538461538461,0.5336538461538461,0.2018328551306447,0.3554848626411954,0.0521964258025948,0.4207663318545023,0.0078235063749852,0.0501129569499135,0.0303988467123439,0.1648955754327958,19.88965827773922,6.093671662530162,0.8266666666666665,0.740952380952381,0.7014285714285713,0.76,sonar
73,2,1000,6.907755278982137,6,1.791759469228055,0.006,0.0176436043612299,0.2492587255317829,0.1695229400299298,0.0316921076963109,0.0671876725662029,0.666595962215503,-1.214314212105362,0.5376385924840587,-0.8201503773918807,-1.1923710905290972,-0.7952887684755794,0.2123575158193089,0.0117497779114317,0.8882129499287695,0.2766084907535027,0.3182018597657448,0.9795438195294628,0.416,0.5,0.0839999999999999,0.584,0.2833702718476507,0.3189820662529471,0.0193816492324734,0.3328966507679499,0.0176209464157309,0.1255334757801152,0.1243945035886008,0.3059222837827284,7.803048656481352,1.541011983223319,0.8949999999999999,0.902,0.8240000000000001,0.7380000000000001,fri_c2_1000_5
74,9,1479,7.2991214627108,9,2.19722457733622,0.0060851926977687,0.2192132948053194,4.385535325909116,3.4460581382243776,0.6025969001120481,2.408956574797301,12.714845944724198,0.354204856093681,55.39904757407154,31.976110492191538,0.531899954033423,9.499377067702904,159.88351064857898,0.001088839175639,0.5763979079281807,0.1026779859803019,0.1273474768018781,2.466201302439522,0.0135226504394861,0.1111111111111111,0.1123565081842271,0.3130493576741041,0.0050845387494787,0.1508176228726708,0.0906622709415585,0.2490740244249241,0.0020355493190319,0.1289408398780371,0.1010311826210439,0.2990714202621642,19.126611124700748,0.1696652745191251,0.5293804008089722,0.505019305019305,0.1514524728810443,0.5882423239566096,yeast
75,3,150,5.010635294096256,5,1.6094379124341005,0.0333333333333333,0.0,0.1308309081283429,0.2056848866853949,0.104996562144127,0.3149109566369629,0.3340526621721,-1.5101351351351353,0.6865213453834653,-0.902618617174015,-1.4019208006454011,-0.5520640413156421,0.2907810623654501,0.1093692499506494,0.962757097050966,0.6646408124414671,0.2929490897826913,1.584962500721156,0.3333333333333333,0.3333333333333333,0.0,0.3333333333333333,0.3918946628633364,0.4028246605059126,0.0157015747636213,0.4299156555478371,0.2941537519087199,0.6778524322034492,0.2896169064746325,0.9787088939029014,2.338211718985835,-0.4057339896288671,0.9600000000000002,0.9533333333333334,0.9533333333333336,0.98,iris
76,5,205,5.3230099791384085,10,2.302585092994046,0.048780487804878,0.0024187987597462,1.7278841258792774,2.017905237709431,1.111705968052588,2.063544106204775,6.587724993596215,-0.1752913221470136,15.587796212608026,8.725911149164595,1.6327364522177672,6.609809621588513,54.353735291173365,0.0051658803466859,0.8125692097304439,0.2562425457329175,0.2073577839934004,2.009400413146179,0.0634146341463414,0.1999999999999999,0.1303452606428037,0.3707317073170731,0.1187363316417512,0.24902189951562,0.0751104957364336,0.3317611231721116,0.1108480988383531,0.2481209343270459,0.1035915519896416,0.3944851775271862,8.09847189474793,0.0036311534575574,0.7121428571428572,0.6971428571428571,0.468095238095238,0.6345238095238096,glass
77,5,315,5.752572638825633,13,2.5649493574615367,0.0412698412698412,0.307933018600066,2.1104154302573472,2.5877881496287456,0.6728567503483115,3.966883904855468,6.513551941498887,-1.624732212732589,14.582553783748772,10.236667462161693,-0.669505063085504,13.823900041691,40.68463884358452,0.0036601318447159,0.5450192124456275,0.1572480440252487,0.1243200593330118,2.208989113517921,0.0666666666666666,0.2,0.0719171999473987,0.2793650793650793,0.0185249218947324,0.0992010268236209,0.0772610108821856,0.2869594040251678,0.0111952952110658,0.1468296065035296,0.2091345493472962,0.6051684070096897,15.044575587450195,-0.3243799449858481,0.647983870967742,0.7171370967741937,0.508266129032258,0.6921370967741937,solar-flare_1
78,5,327,5.7899601708972535,7,1.9459101490553128,0.0214067278287461,0.0729985223613262,3.478795989238212,1.8528681271821976,0.2076721448188306,0.851379514207361,10.343588040120538,-1.056150701038928,37.09649828046319,14.78918890076424,-0.9094995440093524,0.7607868542400233,105.63587914600414,0.0343981293891415,0.8285924065601928,0.246411729734681,0.2225206090226477,2.0265703801556514,0.0611620795107033,0.2,0.1320392833232785,0.437308868501529,0.0090107679369022,0.2840140580885075,0.1247679551782331,0.3643309789973433,0.0098217954055441,0.3917989558743198,0.2129289970590041,0.6762952193926955,5.172475193644286,-0.2751025651543269,0.8227272727272726,0.8168560606060605,0.7925189393939395,0.8870265151515152,ecoli
79,2,1000,6.907755278982137,11,2.3978952727983707,0.011,0.017358710991114,0.204948927167636,0.1322052183633451,0.0496123612311398,0.0934064832489229,0.7414629966730908,-1.217076719241966,0.430212137134518,-0.9976140651050696,-1.1935149620891212,-1.1127841515600876,0.2466847368917628,0.0007587250269648,0.8782381685011735,0.0747005629886902,0.1824268819279206,0.9814538950336535,0.42,0.5,0.0799999999999999,0.58,0.2727588970740451,0.3250559616855635,0.0180472001248334,0.3329860179022711,0.0013214188237011,0.0566657962962728,0.0933674344386763,0.2694587137124102,17.320040645016203,4.736369784446919,0.777,0.881,0.8009999999999999,0.722,fri_c2_1000_10
80,2,846,6.740519359606223,19,2.9444389791664403,0.0224586288416075,0.047845056265534,1.6357241897438142,1.0667267595100338,0.2579690677873644,0.7730150423885938,6.778393619108969,-0.9784712963069766,14.822384535391553,5.153140516514745,-0.7315406513140417,0.1107920573136199,58.375455473631405,0.0011830350395551,0.9963180127067284,0.4070565349191192,0.341355900018825,0.8232301496857752,0.2576832151300236,0.5,0.2423167848699763,0.7423167848699763,0.1179126951129388,0.2748455332284357,0.0566777186227585,0.3290189563580064,0.0137342994830336,0.0853686489412121,0.0495664019259957,0.1624848367010151,9.643237416732228,2.2195136813949565,0.925532212885154,0.95390756302521,0.8049579831932773,0.9704481792717088,vehicle
81,4,846,6.740519359606223,19,2.9444389791664403,0.0224586288416075,0.0226961455002162,1.6090748691230727,1.0117777798253067,0.2524499799243932,0.7722381802155988,6.77839361910896,-1.3304936967378067,14.499510902128218,4.811896610554076,-0.7917666381510082,0.1033107152878136,58.375455473631405,0.0011830350395551,0.9963180127067282,0.3911502124989147,0.3295017831382304,1.999066765534363,0.235224586288416,0.25,0.0089437032803909,0.2576832151300236,0.1179126951129388,0.2748455332284357,0.0566777186227585,0.3290189563580064,0.056557536708339,0.1830507621781441,0.092035754203035,0.3384650292737313,10.920832788387306,0.5014716680663552,0.6524649859943977,0.715014005602241,0.4550280112044818,0.7754761904761904,vehicle
82,3,625,6.437751649736401,5,1.6094379124341005,0.008,0.0,0.202373517899418,0.101186758949709,0.0,0.0,0.5059337947485452,-1.300798439249973,0.2629115840435981,-1.1693426472281738,-1.300798439249973,-1.300798439249973,-0.6435194791409775,0.3068132246254802,0.3230562776938881,0.3149347511596842,0.0081215265342038,1.318116246441582,0.0784,0.3333333333333333,0.1802650887504905,0.4608,0.25,0.25,0.0,0.25,0.0938204624863731,0.0938204624863731,0.0,0.0938204624863731,14.049347141440824,1.664663905662489,0.7871223758320532,0.7823604710701485,0.9072196620583716,0.8753456221198155,balance-scale
83,3,1473,7.29505641646263,10,2.302585092994046,0.0067888662593346,0.0989183114842705,0.9192448668998408,1.060349324406431,0.3199283085663109,1.2377965992361768,3.258111159461357,-1.681025793908932,2.8854459563661856,0.6697308487694082,-0.9493202927592288,1.3112069243813185,8.627000003256331,0.0010987501233091,0.618368692606531,0.1594491782532379,0.1399134919525035,1.5390345832497476,0.2260692464358452,0.3333333333333333,0.0825975628274305,0.4270196877121521,0.0361699039585078,0.1486653223104512,0.0796219030032155,0.3048090100697018,0.0017899364082729,0.0255916539812726,0.0166281735613463,0.0491485289262896,60.13814442692827,4.8091330251355,0.4637111601397315,0.4928525464239749,0.4705184776613348,0.5126264019121163,cmc
84,2,435,6.075346031088684,17,2.833213344056216,0.0390804597701149,0.004608812946785,0.2533166402764206,0.3015838943544968,0.0368647533559634,0.385119742343221,1.0141482483457398,-1.9923696380402924,0.3526862550806327,-1.7770863151752032,-1.9278383095264464,-1.831036932055182,-0.4175516483325747,0.0042119413217141,0.9114563496152024,0.3811171121316657,0.2412460627974132,0.9623080486960708,0.3862068965517241,0.5,0.1137931034482758,0.6137931034482759,0.124108412312047,0.1369174659696195,0.0094270897147246,0.1586528427854169,0.0002499623155841,0.1771435924699098,0.1263616467490637,0.5129515491210118,5.4323615959156495,-0.2270820295525124,0.9264799154334036,0.9288054968287526,0.9425475687103594,0.9563424947145878,vote
85,2,958,6.86484777797086,10,2.302585092994046,0.0104384133611691,0.244636096713448,0.1351752823186933,0.3823091025118834,0.2446360967134481,0.4073711381652283,0.6459099178284043,-1.5861160552619231,0.1522620075224333,-1.3082436113916187,-1.394207779383971,-1.2327625622813367,-0.988438691993034,0.0025981270205152,0.1755828914979886,0.0734807464923167,0.0519379598745362,0.930953986250796,0.3465553235908142,0.5,0.1534446764091858,0.6534446764091858,0.1484901049720386,0.1552963338358829,0.0029717135668574,0.1579965849512826,0.0048555948883469,0.0130491859663479,0.0168890059882489,0.0604332168334374,71.34192038121003,10.9008445612141,0.7120833333333334,0.8517982456140352,0.7118969298245615,0.6889254385964912,tic-tac-toe
86,2,209,5.342334251964811,9,2.19722457733622,0.0430622009569378,0.1165590603607929,1.594973089913257,1.5021703699441786,0.2850399628300602,2.0792864313879957,4.392481025483617,-1.6646179542697046,9.757127409064267,5.437597672920044,-1.0084455181959615,5.879706437819818,24.09734464987717,0.0085016740866504,0.7454515923534983,0.2068493350321643,0.1768740254959046,0.9417258626620666,0.3588516746411483,0.5,0.1411483253588517,0.6411483253588517,0.111032831838047,0.316858408038289,0.1159203087509388,0.4243530509078729,0.0171012119556988,0.1386625158465275,0.0674460930046616,0.2265708203780736,6.791495574076951,1.285104998303866,0.9759523809523808,0.8854761904761903,0.8852380952380953,0.8564285714285713,biomed
87,2,3163,8.059276223305648,25,3.218875824868201,0.0079038887132469,0.0296930890168201,7.517922644431789,4.923414481664239,1.3707648353359791,5.386029810875076,39.74920189303852,-1.8102010482439217,306.9402340910484,79.01831154302971,1.6026643233888835,27.026405823424287,1578.997468554845,0.0003093715235659,0.9978187512235728,0.1550382044254047,0.2425219131961159,0.2767157310295863,0.0477394878280113,0.5,0.4522605121719886,0.9522605121719886,0.0006563612085977,0.0724128371587825,0.0810939989568122,0.2317333328242848,3.0940557066061816e-05,0.009849148560833,0.0180653384330911,0.0573211279348367,28.09539619800213,6.352192599342615,0.9649073593419318,0.9737581360060696,0.2466148225052909,0.9440292696561914,hypothyroid
88,2,3163,8.059276223305648,26,3.258096538021482,0.0082200442617767,0.0296930890168201,7.430650304962941,4.736950871565087,1.3584978595668424,5.349901943959869,39.74920189303852,-1.8102010482439217,301.3727990342217,75.94060476835612,0.2764047446159022,26.642212248168768,1578.997468554845,0.0003093715235659,0.9978187512235728,0.1500258782859066,0.2344375395806553,0.2767157310295863,0.0477394878280113,0.5,0.4522605121719886,0.9522605121719886,0.0006563612085977,0.0805516594547654,0.0888985797462999,0.2758833945583537,3.0940557066061816e-05,0.0095445116332202,0.017763149562451,0.0573211279348367,28.99213094009538,7.439578948638933,0.9652248133210876,0.9718623966777142,0.2453380186079942,0.94182506089526,hypothyroid
89,2,500,6.214608098422191,6,1.791759469228055,0.012,0.0,0.2108308232019154,0.2172173673034187,0.0479453926885692,0.3243942798800458,0.6027615940197695,-2.00804828973843,0.713970612713766,-1.0258790879569204,-1.701231666333897,-0.4649746264634796,-0.1921213893009823,0.0069011418935475,0.4132647494805673,0.1457129743575867,0.1123001661524051,0.99093240356837,0.444,0.5,0.056,0.556,0.1115351393977564,0.2438910245526171,0.0998475133166919,0.3384131961319238,0.000810392749826,0.1939737544762697,0.2125285837819909,0.5948817790655172,5.108590109233556,0.2573403304541089,0.902,1.0,0.85,0.756,irish
90,2,690,6.536691597591305,16,2.772588722239781,0.0231884057971014,0.0597422103037896,3.195252309856558,1.9168810030679544,0.2151789935922519,1.8394424495371413,13.14065501444535,-1.997137833690215,52.5035944629544,17.254385067958317,-1.490403707158218,3.871599557970261,214.66997242752623,0.0004657474853189,0.9424628180445576,0.1123916459301827,0.1438139509266206,0.991230898903352,0.4449275362318841,0.5,0.0550724637681159,0.5550724637681159,0.0176998468844828,0.1534756789808488,0.1003111078322417,0.3450233771494741,0.0004999570617562,0.0502346393640283,0.0713671521187846,0.2950792888360599,19.7320198064992,2.0551762871965287,0.6318840579710144,0.8362318840579711,0.7927536231884058,0.8623188405797102,credit-a
91,6,366,5.902633333401366,35,3.555348061489413,0.0956284153005464,0.0082040473935497,1.166808063983402,1.462313708777739,0.3995867721905992,1.9442981266622552,4.778517412459505,-1.4155947017470265,5.394320336712532,2.395136159400812,-0.257723345520443,2.3066295929007725,23.452466982027303,0.0006944806948627,0.9416586268337344,0.2277059348235968,0.2093516046131751,2.432597273889607,0.0546448087431694,0.1666666666666666,0.0758822089032539,0.3060109289617486,0.0462451183508862,0.1476977417536822,0.063807019870288,0.3797301934565449,0.0646572072310743,0.307471391856139,0.1550584788905205,0.5982739869542406,7.911621498197078,-0.5196374502939524,0.899099099099099,0.9426426426426426,0.8742492492492492,0.9698948948948948,dermatology
92,2,303,5.713732805509369,14,2.6390573296152584,0.0462046204620462,0.1625222449276197,0.4992858030229893,0.750701177298535,0.4787247383920428,1.05538441337221,1.9866519309144528,-1.980782862570537,1.6914283845337748,0.1069766666010677,-1.3202727226550175,0.9066038364193628,4.505423167753703,0.0040377703696837,0.5775368167291427,0.1566112063079147,0.1257580063372669,0.994264609261905,0.4554455445544554,0.5,0.0445544554455445,0.5445544554455446,0.0735288625883932,0.2090108734291407,0.0917915013237139,0.3517752584133115,0.0003922398104876,0.0733690303124071,0.0511588059718328,0.1478141228706614,13.551557176485796,1.848761562462626,0.5939784946236559,0.8116129032258064,0.81505376344086,0.8279569892473118,heart-c
93,2,294,5.683579767338681,14,2.6390573296152584,0.0476190476190476,0.0162640577421088,2.4507355170474217,1.4893880837567612,0.3399355115714441,1.023950180501329,9.797380834066162,-1.6705215955805506,24.3454692858003,7.842867500243942,-1.034647529875144,2.591718994457748,94.63239752476338,0.0022199384499251,0.8135950897217618,0.1313587480689022,0.1549857772849188,0.9431340036829804,0.3605442176870748,0.5,0.1394557823129251,0.6394557823129252,0.0100178455776811,0.1948886007687812,0.1324963715530259,0.4011580293702418,1.6746377786952538e-05,0.0709935388232195,0.0742118910713112,0.1967811971004542,13.284786465307365,1.745159686349369,0.6225287356321839,0.7378160919540231,0.7541379310344828,0.8089655172413794,heart-h
94,3,392,5.971261839790462,9,2.19722457733622,0.0229591836734693,0.0196882996288851,0.3172782415400527,0.542119952588935,0.3061704321717373,0.7016875496374659,1.0873262824048662,-1.3981986376833897,0.6761930504064769,-0.5697696344863332,-1.027448283929072,-0.5159934946351465,0.6969469997428099,0.0668917968887092,0.9508234889791104,0.5108505654849389,0.254665630825457,1.327917886547239,0.173469387755102,0.3333333333333333,0.2065574035037234,0.625,0.1855764010525082,0.3235158008358701,0.055920745658068,0.3762398831580033,0.0550739803589683,0.2472801457422612,0.1389575996340852,0.5447697675912426,5.370095049730845,0.308296708839168,0.7243589743589745,0.8827564102564104,0.6810256410256411,0.7654487179487179,cars
95,2,57,4.04305126783455,17,2.833213344056216,0.2982456140350877,0.0,0.722132141371477,0.7993795250741715,0.2732685284692182,0.9605344292537344,2.7805819601137265,-2.013318368873924,2.265982060384688,-0.0400949285535327,-1.1336384757779538,-0.3985797374419824,7.198913832388553,0.0011052920836548,0.6365465851449362,0.1633498206008924,0.147573541462454,0.9348490242345944,0.3508771929824561,0.5,0.1491228070175438,0.6491228070175439,0.1793869961959996,0.3278724217260291,0.0958029122070984,0.5230517118851461,0.0220416875693821,0.1499701308913614,0.0783402487861051,0.3274474615732647,6.2335681023830025,1.1862514873947825,0.91,0.8099999999999999,0.8400000000000001,0.8633333333333333,labor
96,2,340,5.828945617610208,14,2.6390573296152584,0.0411764705882352,0.0416352519651627,0.1077984225328183,0.2884744510828946,0.2555409388580854,0.3617902971690452,0.4314636148100904,-2.0049749377781323,0.3212232669975148,-1.2659513591373788,-1.247254007281471,-1.188879787785736,-0.5559205861539791,0.0030743749560952,0.5288871249348488,0.263328903483278,0.1441640989444948,0.9987766081837128,0.4794117647058823,0.5,0.0205882352941176,0.5205882352941177,0.1156617763067156,0.3314038413754885,0.0822796286664125,0.3755098144752218,0.0004779509935061,0.0179200041238273,0.0084743586833259,0.0315573007678569,55.735288969922216,17.49351367809329,0.4970588235294116,0.5647058823529413,0.5794117647058823,0.5617647058823529,schizo
97,2,155,5.043425116919247,20,2.995732273553991,0.1290322580645161,0.080080702226903,0.6598675901068528,0.7636077710883821,0.2510487900484736,0.9898769547184988,2.633737568268212,-1.987251866690952,1.7930700758548486,0.29692852533026,-1.0145165632099502,1.0552384976953877,5.000939650756129,0.0039644912180616,0.654820455863625,0.1523981264328425,0.1286031855541209,0.7346451526501956,0.2064516129032258,0.5,0.2935483870967742,0.7935483870967742,0.0658507899769223,0.2098873509548717,0.1307526316222434,0.4481107123980406,0.0095696106551723,0.0572705011021595,0.0448985855650343,0.1717753907045175,12.827636191618616,2.6648422296929635,0.7791666666666667,0.7870833333333332,0.7145833333333333,0.8441666666666668,hepatitis
